{"cameraMode":{"drawMode":0,"name":"Shaded","section":"Shading Mode"},"sceneLighting":true,"audioPlay":false,"sceneViewState":{"showFog":true,"showMaterialUpdate":false,"showSkybox":true,"showFlares":true,"showImageEffects":true,"showParticleSystems":true},"in2DMode":false,"pivot":{"x":0.9728326797485352,"y":1.375575065612793,"z":-1.7124860286712647},"rotation":{"x":-0.06467796862125397,"y":0.8546664118766785,"z":-0.10983332991600037,"w":-0.5032906532287598},"size":2.36602520942688,"orthographic":false}